series,size,decimal_in,guhring_printed,panam_printed,dormer_printed,note
NUMBER,#80,0.0135,0.0135,0.0135,.0135,
NUMBER,#79,0.0145,0.0145,0.0145,.0145,
NUMBER,#78,0.0160,0.0160,0.0160,.0160,
NUMBER,#77,0.0180,0.0180,0.0180,.0180,
NUMBER,#76,0.0200,0.0200,0.0200,.0200,
NUMBER,#75,0.0210,0.0210,0.0210,.0210,
NUMBER,#74,0.0225,0.0225,0.0225,.0225,
NUMBER,#73,0.0240,0.0240,0.0240,.0240,
NUMBER,#72,0.0250,0.0250,0.0250,.0250,
NUMBER,#71,0.0260,0.0260,0.0260,.0260,
NUMBER,#70,0.0280,0.0280,0.0280,.0280,
NUMBER,#69,0.0292,0.0292,0.0292,.0292,
NUMBER,#68,0.0310,0.0310,0.0310,.0310,
NUMBER,#67,0.0320,0.0320,0.0320,.0320,
NUMBER,#66,0.0330,0.0330,0.0330,.0330,
NUMBER,#65,0.0350,0.0350,0.0350,.0350,
NUMBER,#64,0.0360,0.0360,0.0360,.0360,
NUMBER,#63,0.0370,0.0370,0.0370,.0370,
NUMBER,#62,0.0380,0.0380,0.0380,.0380,
NUMBER,#61,0.0390,0.0390,0.0390,.0390,
NUMBER,#60,0.0400,0.0400,0.0400,.0400,
NUMBER,#59,0.0410,0.0410,0.0410,.0410,
NUMBER,#58,0.0420,0.0420,0.0420,.0420,
NUMBER,#57,0.0430,0.0430,0.0430,.0430,
NUMBER,#56,0.0465,0.0465,0.0465,.0465,
NUMBER,#55,0.0520,0.0520,0.0520,.0520,
NUMBER,#54,0.0550,0.0550,0.0550,.0550,
NUMBER,#53,0.0595,0.0595,0.0595,.0595,
NUMBER,#52,0.0635,0.0635,0.0635,.0635,
NUMBER,#51,0.0670,0.0670,0.0670,.0670,
NUMBER,#50,0.0700,0.0700,0.0700,.0700,
NUMBER,#49,0.0730,0.0730,0.0730,.0730,
NUMBER,#48,0.0760,0.0760,0.0760,.0760,
NUMBER,#47,0.0785,0.0785,0.0785,.0785,
NUMBER,#46,0.0810,0.0810,0.0810,.0810,
NUMBER,#45,0.0820,0.0820,0.0820,.0820,
NUMBER,#44,0.0860,0.0860,0.0860,.0860,
NUMBER,#43,0.0890,0.0890,0.0890,.0890,
NUMBER,#42,0.0935,0.0935,0.0935,.0935,
NUMBER,#41,0.0960,0.0960,0.0960,.0960,
NUMBER,#40,0.0980,0.0980,0.0980,.0980,
NUMBER,#39,0.0995,0.0995,0.0995,.0995,
NUMBER,#38,0.1015,0.1015,0.1015,.1015,
NUMBER,#37,0.1040,0.1040,0.1040,.1040,
NUMBER,#36,0.1065,0.1065,0.1065,.1065,
NUMBER,#35,0.1100,0.1100,0.1100,.1100,
NUMBER,#34,0.1110,0.1110,0.1110,.1110,
NUMBER,#33,0.1130,0.1130,0.1130,.1130,
NUMBER,#32,0.1160,0.1160,0.1160,.1160,
NUMBER,#31,0.1200,0.1200,0.1200,.1200,
NUMBER,#30,0.1285,0.1285,0.1285,.1285,
NUMBER,#29,0.1360,0.1360,0.1360,.1360,
NUMBER,#28,0.1405,0.1405,0.1405,.1405,
NUMBER,#27,0.1440,0.1440,0.1440,.1440,
NUMBER,#26,0.1470,0.1470,0.1470,.1470,
NUMBER,#25,0.1495,0.1495,0.1495,.1495,
NUMBER,#24,0.1520,0.1520,0.1520,.1520,
NUMBER,#23,0.1540,0.1540,0.1540,.1540,
NUMBER,#22,0.1570,0.1570,0.1570,.1570,
NUMBER,#21,0.1590,0.1590,0.1590,.1590,
NUMBER,#20,0.1610,0.1610,0.1610,.1610,
NUMBER,#19,0.1660,0.1660,0.1660,.1660,
NUMBER,#18,0.1695,0.1695,0.1695,.1695,
NUMBER,#17,0.1730,0.1730,0.1730,.1730,
NUMBER,#16,0.1770,0.1770,0.1770,.1770,
NUMBER,#15,0.1800,0.1800,0.1800,.1800,
NUMBER,#14,0.1820,0.1820,0.1820,.1820,
NUMBER,#13,0.1850,0.1850,0.1850,.1850,
NUMBER,#12,0.1890,0.1890,0.1890,.1890,
NUMBER,#11,0.1910,0.1910,0.1910,.1910,
NUMBER,#10,0.1935,0.1935,0.1935,.1935,
NUMBER,#9,0.1960,0.1960,0.1960,.1960,
NUMBER,#8,0.1990,0.1990,0.1990,.1990,
NUMBER,#7,0.2010,0.2010,0.2010,.2010,
NUMBER,#6,0.2040,0.2040,0.2040,.2040,
NUMBER,#5,0.2055,0.2055,0.2055,.2055,
NUMBER,#4,0.2090,0.2090,0.2090,.2090,
NUMBER,#3,0.2130,0.2130,0.2130,.2130,
NUMBER,#2,0.2210,0.2210,0.2210,.2210,
NUMBER,#1,0.2280,0.2280,0.2280,.2280,
LETTER,A,0.2340,0.2340,0.2340,.2340,
LETTER,B,0.2380,0.2380,0.2380,.2380,
LETTER,C,0.2420,0.2420,0.2420,.2420,
LETTER,D,0.2460,0.2460,0.2460,.2460,
LETTER,E,0.2500,0.2500,0.2500,.2500,
LETTER,F,0.2570,0.2570,0.2570,.2570,
LETTER,G,0.2610,0.2610,0.2610,.2610,
LETTER,H,0.2660,0.2660,0.2660,.2660,
LETTER,I,0.2720,0.2720,0.2720,.2720,
LETTER,J,0.2770,0.2772,0.2770,.2770,Guhring prints 0.2772 in; Pan American Tool and Dormer print 0.2770 in.
LETTER,K,0.2810,0.2810,0.2810,.2810,
LETTER,L,0.2900,0.2900,0.2900,.2900,
LETTER,M,0.2950,0.2949,0.2950,.2950,Guhring prints 0.2949 in; Pan American Tool and Dormer print 0.2950 in.
LETTER,N,0.3020,0.3020,0.3020,.3020,
LETTER,O,0.3160,0.3160,0.3160,.3160,
LETTER,P,0.3230,0.3230,0.3230,.3230,
LETTER,Q,0.3320,0.3320,0.3320,.3320,
LETTER,R,0.3390,0.3390,0.3390,.3390,
LETTER,S,0.3480,0.3480,0.3480,.3480,
LETTER,T,0.3580,0.3580,0.3580,.3580,
LETTER,U,0.3680,0.3680,0.3680,.3680,
LETTER,V,0.3770,0.3770,0.3770,.3770,
LETTER,W,0.3860,0.3860,0.3860,.3860,
LETTER,X,0.3970,0.3970,0.3970,.3970,
LETTER,Y,0.4040,0.4040,0.4040,.4040,
LETTER,Z,0.4130,0.4130,0.4130,.4130,
